run_id,experiment,seed,config_json
0bbf2df48836bf30dc046c90dfd8705601779f3a4cde6d46cadce514cb218b9b,aux_h_r_decoupling,0,"{""communication_mode"": ""priority"", ""fov_radius"": 4, ""global_solver"": ""lacam_official"", ""hard_safety"": true, ""horizon"": 20, ""human_model"": ""random_walk"", ""local_planner"": ""astar"", ""map_path"": ""data/maps/warehouse-10-20-10-2-2.map"", ""map_to_human_model"": {""warehouse-10-20-10-2-2"": ""aisle""}, ""mode"": ""lifelong"", ""num_agents"": 50, ""num_humans"": 50, ""replan_every"": 1, ""safety_radius"": 1, ""seed"": 0, ""solver_timeout_s"": 10.0, ""steps"": 2000, ""task_allocator"": ""conflict_aware""}"
42187d1c9b459a469a6a29af466d448f0c13520e13c63c62d77c51fb96b2932b,aux_h_r_decoupling,1,"{""communication_mode"": ""priority"", ""fov_radius"": 4, ""global_solver"": ""lacam_official"", ""hard_safety"": true, ""horizon"": 20, ""human_model"": ""random_walk"", ""local_planner"": ""astar"", ""map_path"": ""data/maps/warehouse-10-20-10-2-2.map"", ""map_to_human_model"": {""warehouse-10-20-10-2-2"": ""aisle""}, ""mode"": ""lifelong"", ""num_agents"": 50, ""num_humans"": 50, ""replan_every"": 1, ""safety_radius"": 1, ""seed"": 1, ""solver_timeout_s"": 10.0, ""steps"": 2000, ""task_allocator"": ""conflict_aware""}"
38208ed553ca487e1f60e53bc9543f0c597ff16c222b8ed1efd309257da0eb8f,aux_h_r_decoupling,2,"{""communication_mode"": ""priority"", ""fov_radius"": 4, ""global_solver"": ""lacam_official"", ""hard_safety"": true, ""horizon"": 20, ""human_model"": ""random_walk"", ""local_planner"": ""astar"", ""map_path"": ""data/maps/warehouse-10-20-10-2-2.map"", ""map_to_human_model"": {""warehouse-10-20-10-2-2"": ""aisle""}, ""mode"": ""lifelong"", ""num_agents"": 50, ""num_humans"": 50, ""replan_every"": 1, ""safety_radius"": 1, ""seed"": 2, ""solver_timeout_s"": 10.0, ""steps"": 2000, ""task_allocator"": ""conflict_aware""}"
65c157119c5c7e16696e59d5a9c7ed3b37bc286602c612ee97e76a531184486d,aux_h_r_decoupling,3,"{""communication_mode"": ""priority"", ""fov_radius"": 4, ""global_solver"": ""lacam_official"", ""hard_safety"": true, ""horizon"": 20, ""human_model"": ""random_walk"", ""local_planner"": ""astar"", ""map_path"": ""data/maps/warehouse-10-20-10-2-2.map"", ""map_to_human_model"": {""warehouse-10-20-10-2-2"": ""aisle""}, ""mode"": ""lifelong"", ""num_agents"": 50, ""num_humans"": 50, ""replan_every"": 1, ""safety_radius"": 1, ""seed"": 3, ""solver_timeout_s"": 10.0, ""steps"": 2000, ""task_allocator"": ""conflict_aware""}"
963004ce6ca752054a5edb91281380da8206f8664e0ac9f37ec0820572978bc4,aux_h_r_decoupling,4,"{""communication_mode"": ""priority"", ""fov_radius"": 4, ""global_solver"": ""lacam_official"", ""hard_safety"": true, ""horizon"": 20, ""human_model"": ""random_walk"", ""local_planner"": ""astar"", ""map_path"": ""data/maps/warehouse-10-20-10-2-2.map"", ""map_to_human_model"": {""warehouse-10-20-10-2-2"": ""aisle""}, ""mode"": ""lifelong"", ""num_agents"": 50, ""num_humans"": 50, ""replan_every"": 1, ""safety_radius"": 1, ""seed"": 4, ""solver_timeout_s"": 10.0, ""steps"": 2000, ""task_allocator"": ""conflict_aware""}"
54bc18ee0bf9c45204b5116f254112f2855315593f625b1f13f653d7c1155095,aux_h_r_decoupling,5,"{""communication_mode"": ""priority"", ""fov_radius"": 4, ""global_solver"": ""lacam_official"", ""hard_safety"": true, ""horizon"": 20, ""human_model"": ""random_walk"", ""local_planner"": ""astar"", ""map_path"": ""data/maps/warehouse-10-20-10-2-2.map"", ""map_to_human_model"": {""warehouse-10-20-10-2-2"": ""aisle""}, ""mode"": ""lifelong"", ""num_agents"": 50, ""num_humans"": 50, ""replan_every"": 1, ""safety_radius"": 1, ""seed"": 5, ""solver_timeout_s"": 10.0, ""steps"": 2000, ""task_allocator"": ""conflict_aware""}"
98c5a51cd3fdec9225e50f2959a7a81d1ac0082907183f87664c6d5c67ca84e2,aux_h_r_decoupling,6,"{""communication_mode"": ""priority"", ""fov_radius"": 4, ""global_solver"": ""lacam_official"", ""hard_safety"": true, ""horizon"": 20, ""human_model"": ""random_walk"", ""local_planner"": ""astar"", ""map_path"": ""data/maps/warehouse-10-20-10-2-2.map"", ""map_to_human_model"": {""warehouse-10-20-10-2-2"": ""aisle""}, ""mode"": ""lifelong"", ""num_agents"": 50, ""num_humans"": 50, ""replan_every"": 1, ""safety_radius"": 1, ""seed"": 6, ""solver_timeout_s"": 10.0, ""steps"": 2000, ""task_allocator"": ""conflict_aware""}"
2e152cb1732c889fc89e1f70646afc1449f71bd59cf9be7f66aa6bb994cadc91,aux_h_r_decoupling,7,"{""communication_mode"": ""priority"", ""fov_radius"": 4, ""global_solver"": ""lacam_official"", ""hard_safety"": true, ""horizon"": 20, ""human_model"": ""random_walk"", ""local_planner"": ""astar"", ""map_path"": ""data/maps/warehouse-10-20-10-2-2.map"", ""map_to_human_model"": {""warehouse-10-20-10-2-2"": ""aisle""}, ""mode"": ""lifelong"", ""num_agents"": 50, ""num_humans"": 50, ""replan_every"": 1, ""safety_radius"": 1, ""seed"": 7, ""solver_timeout_s"": 10.0, ""steps"": 2000, ""task_allocator"": ""conflict_aware""}"
e6c47618766a3b02158199a35bb33ae27575ecb4f7c17f7d7dd3939020d4124d,aux_h_r_decoupling,8,"{""communication_mode"": ""priority"", ""fov_radius"": 4, ""global_solver"": ""lacam_official"", ""hard_safety"": true, ""horizon"": 20, ""human_model"": ""random_walk"", ""local_planner"": ""astar"", ""map_path"": ""data/maps/warehouse-10-20-10-2-2.map"", ""map_to_human_model"": {""warehouse-10-20-10-2-2"": ""aisle""}, ""mode"": ""lifelong"", ""num_agents"": 50, ""num_humans"": 50, ""replan_every"": 1, ""safety_radius"": 1, ""seed"": 8, ""solver_timeout_s"": 10.0, ""steps"": 2000, ""task_allocator"": ""conflict_aware""}"
46af94ca2b28944fbe1b2ef17f767d5dc2570334c9d4e1c905ef843b225e9608,aux_h_r_decoupling,9,"{""communication_mode"": ""priority"", ""fov_radius"": 4, ""global_solver"": ""lacam_official"", ""hard_safety"": true, ""horizon"": 20, ""human_model"": ""random_walk"", ""local_planner"": ""astar"", ""map_path"": ""data/maps/warehouse-10-20-10-2-2.map"", ""map_to_human_model"": {""warehouse-10-20-10-2-2"": ""aisle""}, ""mode"": ""lifelong"", ""num_agents"": 50, ""num_humans"": 50, ""replan_every"": 1, ""safety_radius"": 1, ""seed"": 9, ""solver_timeout_s"": 10.0, ""steps"": 2000, ""task_allocator"": ""conflict_aware""}"
4a603270729d438c62f03ed2d46d364be63104ef8e6cf1aee1e76f53fd499062,aux_h_r_decoupling,0,"{""communication_mode"": ""priority"", ""fov_radius"": 4, ""global_solver"": ""lacam_official"", ""hard_safety"": true, ""horizon"": 20, ""human_model"": ""random_walk"", ""local_planner"": ""astar"", ""map_path"": ""data/maps/warehouse-10-20-10-2-2.map"", ""map_to_human_model"": {""warehouse-10-20-10-2-2"": ""aisle""}, ""mode"": ""lifelong"", ""num_agents"": 50, ""num_humans"": 50, ""replan_every"": 5, ""safety_radius"": 1, ""seed"": 0, ""solver_timeout_s"": 10.0, ""steps"": 2000, ""task_allocator"": ""conflict_aware""}"
8dd86a347d935c5571df80c2982bfb7e5d7e825e8a66d11cfa751259c661b4ad,aux_h_r_decoupling,1,"{""communication_mode"": ""priority"", ""fov_radius"": 4, ""global_solver"": ""lacam_official"", ""hard_safety"": true, ""horizon"": 20, ""human_model"": ""random_walk"", ""local_planner"": ""astar"", ""map_path"": ""data/maps/warehouse-10-20-10-2-2.map"", ""map_to_human_model"": {""warehouse-10-20-10-2-2"": ""aisle""}, ""mode"": ""lifelong"", ""num_agents"": 50, ""num_humans"": 50, ""replan_every"": 5, ""safety_radius"": 1, ""seed"": 1, ""solver_timeout_s"": 10.0, ""steps"": 2000, ""task_allocator"": ""conflict_aware""}"
c2a713ff65f1302041e1b9dba502992a095c6f8aedff47109bc45e349e8216b0,aux_h_r_decoupling,2,"{""communication_mode"": ""priority"", ""fov_radius"": 4, ""global_solver"": ""lacam_official"", ""hard_safety"": true, ""horizon"": 20, ""human_model"": ""random_walk"", ""local_planner"": ""astar"", ""map_path"": ""data/maps/warehouse-10-20-10-2-2.map"", ""map_to_human_model"": {""warehouse-10-20-10-2-2"": ""aisle""}, ""mode"": ""lifelong"", ""num_agents"": 50, ""num_humans"": 50, ""replan_every"": 5, ""safety_radius"": 1, ""seed"": 2, ""solver_timeout_s"": 10.0, ""steps"": 2000, ""task_allocator"": ""conflict_aware""}"
cbc987a73f11b205ccd9491ba98ddee59f2137f3b105e732cb5519654e992c64,aux_h_r_decoupling,3,"{""communication_mode"": ""priority"", ""fov_radius"": 4, ""global_solver"": ""lacam_official"", ""hard_safety"": true, ""horizon"": 20, ""human_model"": ""random_walk"", ""local_planner"": ""astar"", ""map_path"": ""data/maps/warehouse-10-20-10-2-2.map"", ""map_to_human_model"": {""warehouse-10-20-10-2-2"": ""aisle""}, ""mode"": ""lifelong"", ""num_agents"": 50, ""num_humans"": 50, ""replan_every"": 5, ""safety_radius"": 1, ""seed"": 3, ""solver_timeout_s"": 10.0, ""steps"": 2000, ""task_allocator"": ""conflict_aware""}"
d9b84a4e751a4716ae64cc47628c8048cb55b2f7be0d63ef3cf7143cb764766a,aux_h_r_decoupling,4,"{""communication_mode"": ""priority"", ""fov_radius"": 4, ""global_solver"": ""lacam_official"", ""hard_safety"": true, ""horizon"": 20, ""human_model"": ""random_walk"", ""local_planner"": ""astar"", ""map_path"": ""data/maps/warehouse-10-20-10-2-2.map"", ""map_to_human_model"": {""warehouse-10-20-10-2-2"": ""aisle""}, ""mode"": ""lifelong"", ""num_agents"": 50, ""num_humans"": 50, ""replan_every"": 5, ""safety_radius"": 1, ""seed"": 4, ""solver_timeout_s"": 10.0, ""steps"": 2000, ""task_allocator"": ""conflict_aware""}"
74c90d8e90190988b106139901d3759d9c000bf75db570f1e936b334232c6ce6,aux_h_r_decoupling,5,"{""communication_mode"": ""priority"", ""fov_radius"": 4, ""global_solver"": ""lacam_official"", ""hard_safety"": true, ""horizon"": 20, ""human_model"": ""random_walk"", ""local_planner"": ""astar"", ""map_path"": ""data/maps/warehouse-10-20-10-2-2.map"", ""map_to_human_model"": {""warehouse-10-20-10-2-2"": ""aisle""}, ""mode"": ""lifelong"", ""num_agents"": 50, ""num_humans"": 50, ""replan_every"": 5, ""safety_radius"": 1, ""seed"": 5, ""solver_timeout_s"": 10.0, ""steps"": 2000, ""task_allocator"": ""conflict_aware""}"
94c92b86b14297821c7eb09102eb217af791825cd4f5f9ee6cede22c495121ac,aux_h_r_decoupling,6,"{""communication_mode"": ""priority"", ""fov_radius"": 4, ""global_solver"": ""lacam_official"", ""hard_safety"": true, ""horizon"": 20, ""human_model"": ""random_walk"", ""local_planner"": ""astar"", ""map_path"": ""data/maps/warehouse-10-20-10-2-2.map"", ""map_to_human_model"": {""warehouse-10-20-10-2-2"": ""aisle""}, ""mode"": ""lifelong"", ""num_agents"": 50, ""num_humans"": 50, ""replan_every"": 5, ""safety_radius"": 1, ""seed"": 6, ""solver_timeout_s"": 10.0, ""steps"": 2000, ""task_allocator"": ""conflict_aware""}"
0df0212332009e29f93055839ad30fc52c000c0b4c516476fa444af0b4076067,aux_h_r_decoupling,7,"{""communication_mode"": ""priority"", ""fov_radius"": 4, ""global_solver"": ""lacam_official"", ""hard_safety"": true, ""horizon"": 20, ""human_model"": ""random_walk"", ""local_planner"": ""astar"", ""map_path"": ""data/maps/warehouse-10-20-10-2-2.map"", ""map_to_human_model"": {""warehouse-10-20-10-2-2"": ""aisle""}, ""mode"": ""lifelong"", ""num_agents"": 50, ""num_humans"": 50, ""replan_every"": 5, ""safety_radius"": 1, ""seed"": 7, ""solver_timeout_s"": 10.0, ""steps"": 2000, ""task_allocator"": ""conflict_aware""}"
99e9361f01d23e8f1cfb7df8a3fb875850baaa57b1dc6e619227da88e15ec2f1,aux_h_r_decoupling,8,"{""communication_mode"": ""priority"", ""fov_radius"": 4, ""global_solver"": ""lacam_official"", ""hard_safety"": true, ""horizon"": 20, ""human_model"": ""random_walk"", ""local_planner"": ""astar"", ""map_path"": ""data/maps/warehouse-10-20-10-2-2.map"", ""map_to_human_model"": {""warehouse-10-20-10-2-2"": ""aisle""}, ""mode"": ""lifelong"", ""num_agents"": 50, ""num_humans"": 50, ""replan_every"": 5, ""safety_radius"": 1, ""seed"": 8, ""solver_timeout_s"": 10.0, ""steps"": 2000, ""task_allocator"": ""conflict_aware""}"
b86afe57d0ddbae4784f80eee4a66a34eba4365de10d2bc8e9c060305f4f43de,aux_h_r_decoupling,9,"{""communication_mode"": ""priority"", ""fov_radius"": 4, ""global_solver"": ""lacam_official"", ""hard_safety"": true, ""horizon"": 20, ""human_model"": ""random_walk"", ""local_planner"": ""astar"", ""map_path"": ""data/maps/warehouse-10-20-10-2-2.map"", ""map_to_human_model"": {""warehouse-10-20-10-2-2"": ""aisle""}, ""mode"": ""lifelong"", ""num_agents"": 50, ""num_humans"": 50, ""replan_every"": 5, ""safety_radius"": 1, ""seed"": 9, ""solver_timeout_s"": 10.0, ""steps"": 2000, ""task_allocator"": ""conflict_aware""}"
299dac95caa92ec95a0e993808daf50fb66fed2496d71b920276b9abaedc45e9,aux_h_r_decoupling,0,"{""communication_mode"": ""priority"", ""fov_radius"": 4, ""global_solver"": ""lacam_official"", ""hard_safety"": true, ""horizon"": 20, ""human_model"": ""random_walk"", ""local_planner"": ""astar"", ""map_path"": ""data/maps/warehouse-10-20-10-2-2.map"", ""map_to_human_model"": {""warehouse-10-20-10-2-2"": ""aisle""}, ""mode"": ""lifelong"", ""num_agents"": 50, ""num_humans"": 50, ""replan_every"": 10, ""safety_radius"": 1, ""seed"": 0, ""solver_timeout_s"": 10.0, ""steps"": 2000, ""task_allocator"": ""conflict_aware""}"
782d953932413bf1535cc4b4ac1737237002249c2279e4694a97e98aaa719319,aux_h_r_decoupling,1,"{""communication_mode"": ""priority"", ""fov_radius"": 4, ""global_solver"": ""lacam_official"", ""hard_safety"": true, ""horizon"": 20, ""human_model"": ""random_walk"", ""local_planner"": ""astar"", ""map_path"": ""data/maps/warehouse-10-20-10-2-2.map"", ""map_to_human_model"": {""warehouse-10-20-10-2-2"": ""aisle""}, ""mode"": ""lifelong"", ""num_agents"": 50, ""num_humans"": 50, ""replan_every"": 10, ""safety_radius"": 1, ""seed"": 1, ""solver_timeout_s"": 10.0, ""steps"": 2000, ""task_allocator"": ""conflict_aware""}"
74dc2db0f912f6386e2932d9ae08a15373dd93562b4acf19202bbacc7d17e9bb,aux_h_r_decoupling,2,"{""communication_mode"": ""priority"", ""fov_radius"": 4, ""global_solver"": ""lacam_official"", ""hard_safety"": true, ""horizon"": 20, ""human_model"": ""random_walk"", ""local_planner"": ""astar"", ""map_path"": ""data/maps/warehouse-10-20-10-2-2.map"", ""map_to_human_model"": {""warehouse-10-20-10-2-2"": ""aisle""}, ""mode"": ""lifelong"", ""num_agents"": 50, ""num_humans"": 50, ""replan_every"": 10, ""safety_radius"": 1, ""seed"": 2, ""solver_timeout_s"": 10.0, ""steps"": 2000, ""task_allocator"": ""conflict_aware""}"
1adb4380d8ece3b29c626c59c661ba357edabc900d1345a0b99b41322db3caf5,aux_h_r_decoupling,3,"{""communication_mode"": ""priority"", ""fov_radius"": 4, ""global_solver"": ""lacam_official"", ""hard_safety"": true, ""horizon"": 20, ""human_model"": ""random_walk"", ""local_planner"": ""astar"", ""map_path"": ""data/maps/warehouse-10-20-10-2-2.map"", ""map_to_human_model"": {""warehouse-10-20-10-2-2"": ""aisle""}, ""mode"": ""lifelong"", ""num_agents"": 50, ""num_humans"": 50, ""replan_every"": 10, ""safety_radius"": 1, ""seed"": 3, ""solver_timeout_s"": 10.0, ""steps"": 2000, ""task_allocator"": ""conflict_aware""}"
60668fc0e4fe1481b85fa4a4fd24753f3c4e42da3ffbf181bd6ef979c757fcbf,aux_h_r_decoupling,4,"{""communication_mode"": ""priority"", ""fov_radius"": 4, ""global_solver"": ""lacam_official"", ""hard_safety"": true, ""horizon"": 20, ""human_model"": ""random_walk"", ""local_planner"": ""astar"", ""map_path"": ""data/maps/warehouse-10-20-10-2-2.map"", ""map_to_human_model"": {""warehouse-10-20-10-2-2"": ""aisle""}, ""mode"": ""lifelong"", ""num_agents"": 50, ""num_humans"": 50, ""replan_every"": 10, ""safety_radius"": 1, ""seed"": 4, ""solver_timeout_s"": 10.0, ""steps"": 2000, ""task_allocator"": ""conflict_aware""}"
ac21ed9233818ca640d54ae84ab2f63b9903ac637ed5d64ec7a5fc935424cd7b,aux_h_r_decoupling,5,"{""communication_mode"": ""priority"", ""fov_radius"": 4, ""global_solver"": ""lacam_official"", ""hard_safety"": true, ""horizon"": 20, ""human_model"": ""random_walk"", ""local_planner"": ""astar"", ""map_path"": ""data/maps/warehouse-10-20-10-2-2.map"", ""map_to_human_model"": {""warehouse-10-20-10-2-2"": ""aisle""}, ""mode"": ""lifelong"", ""num_agents"": 50, ""num_humans"": 50, ""replan_every"": 10, ""safety_radius"": 1, ""seed"": 5, ""solver_timeout_s"": 10.0, ""steps"": 2000, ""task_allocator"": ""conflict_aware""}"
e4f49ea21477926e7e7d3eaf2e54932d6f5d76e2a2bf09a9d56dfa8c9c806064,aux_h_r_decoupling,6,"{""communication_mode"": ""priority"", ""fov_radius"": 4, ""global_solver"": ""lacam_official"", ""hard_safety"": true, ""horizon"": 20, ""human_model"": ""random_walk"", ""local_planner"": ""astar"", ""map_path"": ""data/maps/warehouse-10-20-10-2-2.map"", ""map_to_human_model"": {""warehouse-10-20-10-2-2"": ""aisle""}, ""mode"": ""lifelong"", ""num_agents"": 50, ""num_humans"": 50, ""replan_every"": 10, ""safety_radius"": 1, ""seed"": 6, ""solver_timeout_s"": 10.0, ""steps"": 2000, ""task_allocator"": ""conflict_aware""}"
f63a9c820e54df438ba3269ecfa8c31ebe65310d03b25e9313df4a0da5f243d8,aux_h_r_decoupling,7,"{""communication_mode"": ""priority"", ""fov_radius"": 4, ""global_solver"": ""lacam_official"", ""hard_safety"": true, ""horizon"": 20, ""human_model"": ""random_walk"", ""local_planner"": ""astar"", ""map_path"": ""data/maps/warehouse-10-20-10-2-2.map"", ""map_to_human_model"": {""warehouse-10-20-10-2-2"": ""aisle""}, ""mode"": ""lifelong"", ""num_agents"": 50, ""num_humans"": 50, ""replan_every"": 10, ""safety_radius"": 1, ""seed"": 7, ""solver_timeout_s"": 10.0, ""steps"": 2000, ""task_allocator"": ""conflict_aware""}"
fe9bb578b05ec60308d17a37c822cad7ba9a02a17881c0a8cd7d5cf432b8c241,aux_h_r_decoupling,8,"{""communication_mode"": ""priority"", ""fov_radius"": 4, ""global_solver"": ""lacam_official"", ""hard_safety"": true, ""horizon"": 20, ""human_model"": ""random_walk"", ""local_planner"": ""astar"", ""map_path"": ""data/maps/warehouse-10-20-10-2-2.map"", ""map_to_human_model"": {""warehouse-10-20-10-2-2"": ""aisle""}, ""mode"": ""lifelong"", ""num_agents"": 50, ""num_humans"": 50, ""replan_every"": 10, ""safety_radius"": 1, ""seed"": 8, ""solver_timeout_s"": 10.0, ""steps"": 2000, ""task_allocator"": ""conflict_aware""}"
5eebb19cbb3e57c0fd6f72dee889f4ccd91a8dcc36ee30b4fe6f06fc53eb30ed,aux_h_r_decoupling,9,"{""communication_mode"": ""priority"", ""fov_radius"": 4, ""global_solver"": ""lacam_official"", ""hard_safety"": true, ""horizon"": 20, ""human_model"": ""random_walk"", ""local_planner"": ""astar"", ""map_path"": ""data/maps/warehouse-10-20-10-2-2.map"", ""map_to_human_model"": {""warehouse-10-20-10-2-2"": ""aisle""}, ""mode"": ""lifelong"", ""num_agents"": 50, ""num_humans"": 50, ""replan_every"": 10, ""safety_radius"": 1, ""seed"": 9, ""solver_timeout_s"": 10.0, ""steps"": 2000, ""task_allocator"": ""conflict_aware""}"
6f9efaa886c245c998b30f07e43b4841fa3a5000feba5d3ee0e5fafc72a9a5d2,aux_h_r_decoupling,0,"{""communication_mode"": ""priority"", ""fov_radius"": 4, ""global_solver"": ""lacam_official"", ""hard_safety"": true, ""horizon"": 40, ""human_model"": ""random_walk"", ""local_planner"": ""astar"", ""map_path"": ""data/maps/warehouse-10-20-10-2-2.map"", ""map_to_human_model"": {""warehouse-10-20-10-2-2"": ""aisle""}, ""mode"": ""lifelong"", ""num_agents"": 50, ""num_humans"": 50, ""replan_every"": 1, ""safety_radius"": 1, ""seed"": 0, ""solver_timeout_s"": 10.0, ""steps"": 2000, ""task_allocator"": ""conflict_aware""}"
be12d5815f0708238cd835c90e795fad2ed92008fecf25042fc9826824b8e042,aux_h_r_decoupling,1,"{""communication_mode"": ""priority"", ""fov_radius"": 4, ""global_solver"": ""lacam_official"", ""hard_safety"": true, ""horizon"": 40, ""human_model"": ""random_walk"", ""local_planner"": ""astar"", ""map_path"": ""data/maps/warehouse-10-20-10-2-2.map"", ""map_to_human_model"": {""warehouse-10-20-10-2-2"": ""aisle""}, ""mode"": ""lifelong"", ""num_agents"": 50, ""num_humans"": 50, ""replan_every"": 1, ""safety_radius"": 1, ""seed"": 1, ""solver_timeout_s"": 10.0, ""steps"": 2000, ""task_allocator"": ""conflict_aware""}"
49c598baeceee60ab9e7cdc2a71f454867d2ebe58988c13862c36a4872630d07,aux_h_r_decoupling,2,"{""communication_mode"": ""priority"", ""fov_radius"": 4, ""global_solver"": ""lacam_official"", ""hard_safety"": true, ""horizon"": 40, ""human_model"": ""random_walk"", ""local_planner"": ""astar"", ""map_path"": ""data/maps/warehouse-10-20-10-2-2.map"", ""map_to_human_model"": {""warehouse-10-20-10-2-2"": ""aisle""}, ""mode"": ""lifelong"", ""num_agents"": 50, ""num_humans"": 50, ""replan_every"": 1, ""safety_radius"": 1, ""seed"": 2, ""solver_timeout_s"": 10.0, ""steps"": 2000, ""task_allocator"": ""conflict_aware""}"
c0bf91c8519416bf42b35941b8851892f2bcb760efc0af696e352c2175351c8e,aux_h_r_decoupling,3,"{""communication_mode"": ""priority"", ""fov_radius"": 4, ""global_solver"": ""lacam_official"", ""hard_safety"": true, ""horizon"": 40, ""human_model"": ""random_walk"", ""local_planner"": ""astar"", ""map_path"": ""data/maps/warehouse-10-20-10-2-2.map"", ""map_to_human_model"": {""warehouse-10-20-10-2-2"": ""aisle""}, ""mode"": ""lifelong"", ""num_agents"": 50, ""num_humans"": 50, ""replan_every"": 1, ""safety_radius"": 1, ""seed"": 3, ""solver_timeout_s"": 10.0, ""steps"": 2000, ""task_allocator"": ""conflict_aware""}"
207b7387ca0e8863ca9923eaf21559365b972f4462489422020ccd50c4536913,aux_h_r_decoupling,4,"{""communication_mode"": ""priority"", ""fov_radius"": 4, ""global_solver"": ""lacam_official"", ""hard_safety"": true, ""horizon"": 40, ""human_model"": ""random_walk"", ""local_planner"": ""astar"", ""map_path"": ""data/maps/warehouse-10-20-10-2-2.map"", ""map_to_human_model"": {""warehouse-10-20-10-2-2"": ""aisle""}, ""mode"": ""lifelong"", ""num_agents"": 50, ""num_humans"": 50, ""replan_every"": 1, ""safety_radius"": 1, ""seed"": 4, ""solver_timeout_s"": 10.0, ""steps"": 2000, ""task_allocator"": ""conflict_aware""}"
f6edc70f7737240fb0a73d4a31677584de4380050d84ab150c919b6af4d037ed,aux_h_r_decoupling,5,"{""communication_mode"": ""priority"", ""fov_radius"": 4, ""global_solver"": ""lacam_official"", ""hard_safety"": true, ""horizon"": 40, ""human_model"": ""random_walk"", ""local_planner"": ""astar"", ""map_path"": ""data/maps/warehouse-10-20-10-2-2.map"", ""map_to_human_model"": {""warehouse-10-20-10-2-2"": ""aisle""}, ""mode"": ""lifelong"", ""num_agents"": 50, ""num_humans"": 50, ""replan_every"": 1, ""safety_radius"": 1, ""seed"": 5, ""solver_timeout_s"": 10.0, ""steps"": 2000, ""task_allocator"": ""conflict_aware""}"
9ea88c9d8084fab92284cbdb5183bfefb8e09ca5f14f9e1cd69e3911ba505866,aux_h_r_decoupling,6,"{""communication_mode"": ""priority"", ""fov_radius"": 4, ""global_solver"": ""lacam_official"", ""hard_safety"": true, ""horizon"": 40, ""human_model"": ""random_walk"", ""local_planner"": ""astar"", ""map_path"": ""data/maps/warehouse-10-20-10-2-2.map"", ""map_to_human_model"": {""warehouse-10-20-10-2-2"": ""aisle""}, ""mode"": ""lifelong"", ""num_agents"": 50, ""num_humans"": 50, ""replan_every"": 1, ""safety_radius"": 1, ""seed"": 6, ""solver_timeout_s"": 10.0, ""steps"": 2000, ""task_allocator"": ""conflict_aware""}"
7b00b5dfd38105a24323c1ff21e4a8248700e841bbc77574b872ea3061052b1f,aux_h_r_decoupling,7,"{""communication_mode"": ""priority"", ""fov_radius"": 4, ""global_solver"": ""lacam_official"", ""hard_safety"": true, ""horizon"": 40, ""human_model"": ""random_walk"", ""local_planner"": ""astar"", ""map_path"": ""data/maps/warehouse-10-20-10-2-2.map"", ""map_to_human_model"": {""warehouse-10-20-10-2-2"": ""aisle""}, ""mode"": ""lifelong"", ""num_agents"": 50, ""num_humans"": 50, ""replan_every"": 1, ""safety_radius"": 1, ""seed"": 7, ""solver_timeout_s"": 10.0, ""steps"": 2000, ""task_allocator"": ""conflict_aware""}"
7870bd9780e347e7d98478dd2b475258a44f822280a93ef30aa06a53ff7a8f41,aux_h_r_decoupling,8,"{""communication_mode"": ""priority"", ""fov_radius"": 4, ""global_solver"": ""lacam_official"", ""hard_safety"": true, ""horizon"": 40, ""human_model"": ""random_walk"", ""local_planner"": ""astar"", ""map_path"": ""data/maps/warehouse-10-20-10-2-2.map"", ""map_to_human_model"": {""warehouse-10-20-10-2-2"": ""aisle""}, ""mode"": ""lifelong"", ""num_agents"": 50, ""num_humans"": 50, ""replan_every"": 1, ""safety_radius"": 1, ""seed"": 8, ""solver_timeout_s"": 10.0, ""steps"": 2000, ""task_allocator"": ""conflict_aware""}"
d25e544a87fb7731059357caa0afcd5f2d067fd6789bf6b9ff6e130632212c60,aux_h_r_decoupling,9,"{""communication_mode"": ""priority"", ""fov_radius"": 4, ""global_solver"": ""lacam_official"", ""hard_safety"": true, ""horizon"": 40, ""human_model"": ""random_walk"", ""local_planner"": ""astar"", ""map_path"": ""data/maps/warehouse-10-20-10-2-2.map"", ""map_to_human_model"": {""warehouse-10-20-10-2-2"": ""aisle""}, ""mode"": ""lifelong"", ""num_agents"": 50, ""num_humans"": 50, ""replan_every"": 1, ""safety_radius"": 1, ""seed"": 9, ""solver_timeout_s"": 10.0, ""steps"": 2000, ""task_allocator"": ""conflict_aware""}"
f8dba54a329d3bf6ac5500292062b9a519f318e8d6a156ef6e2f7707775a51dc,aux_h_r_decoupling,0,"{""communication_mode"": ""priority"", ""fov_radius"": 4, ""global_solver"": ""lacam_official"", ""hard_safety"": true, ""horizon"": 40, ""human_model"": ""random_walk"", ""local_planner"": ""astar"", ""map_path"": ""data/maps/warehouse-10-20-10-2-2.map"", ""map_to_human_model"": {""warehouse-10-20-10-2-2"": ""aisle""}, ""mode"": ""lifelong"", ""num_agents"": 50, ""num_humans"": 50, ""replan_every"": 5, ""safety_radius"": 1, ""seed"": 0, ""solver_timeout_s"": 10.0, ""steps"": 2000, ""task_allocator"": ""conflict_aware""}"
cce01780bd2180a2a83b866063d71886c8fe5f5afcda71f6a95a8a488e6e3cfb,aux_h_r_decoupling,1,"{""communication_mode"": ""priority"", ""fov_radius"": 4, ""global_solver"": ""lacam_official"", ""hard_safety"": true, ""horizon"": 40, ""human_model"": ""random_walk"", ""local_planner"": ""astar"", ""map_path"": ""data/maps/warehouse-10-20-10-2-2.map"", ""map_to_human_model"": {""warehouse-10-20-10-2-2"": ""aisle""}, ""mode"": ""lifelong"", ""num_agents"": 50, ""num_humans"": 50, ""replan_every"": 5, ""safety_radius"": 1, ""seed"": 1, ""solver_timeout_s"": 10.0, ""steps"": 2000, ""task_allocator"": ""conflict_aware""}"
e0cfb10728db0cc212642e03cfbe0944bd490c05b6779471f012ad836d703d8e,aux_h_r_decoupling,2,"{""communication_mode"": ""priority"", ""fov_radius"": 4, ""global_solver"": ""lacam_official"", ""hard_safety"": true, ""horizon"": 40, ""human_model"": ""random_walk"", ""local_planner"": ""astar"", ""map_path"": ""data/maps/warehouse-10-20-10-2-2.map"", ""map_to_human_model"": {""warehouse-10-20-10-2-2"": ""aisle""}, ""mode"": ""lifelong"", ""num_agents"": 50, ""num_humans"": 50, ""replan_every"": 5, ""safety_radius"": 1, ""seed"": 2, ""solver_timeout_s"": 10.0, ""steps"": 2000, ""task_allocator"": ""conflict_aware""}"
80662b5b1e41c31da8ff7c641acb05354ec280584b1e4cf3a65b12207acf424e,aux_h_r_decoupling,3,"{""communication_mode"": ""priority"", ""fov_radius"": 4, ""global_solver"": ""lacam_official"", ""hard_safety"": true, ""horizon"": 40, ""human_model"": ""random_walk"", ""local_planner"": ""astar"", ""map_path"": ""data/maps/warehouse-10-20-10-2-2.map"", ""map_to_human_model"": {""warehouse-10-20-10-2-2"": ""aisle""}, ""mode"": ""lifelong"", ""num_agents"": 50, ""num_humans"": 50, ""replan_every"": 5, ""safety_radius"": 1, ""seed"": 3, ""solver_timeout_s"": 10.0, ""steps"": 2000, ""task_allocator"": ""conflict_aware""}"
6637602f9cd5b6133a1e31da68b5a71860934cc5a04c5ef1cd4c881cc2d18f39,aux_h_r_decoupling,4,"{""communication_mode"": ""priority"", ""fov_radius"": 4, ""global_solver"": ""lacam_official"", ""hard_safety"": true, ""horizon"": 40, ""human_model"": ""random_walk"", ""local_planner"": ""astar"", ""map_path"": ""data/maps/warehouse-10-20-10-2-2.map"", ""map_to_human_model"": {""warehouse-10-20-10-2-2"": ""aisle""}, ""mode"": ""lifelong"", ""num_agents"": 50, ""num_humans"": 50, ""replan_every"": 5, ""safety_radius"": 1, ""seed"": 4, ""solver_timeout_s"": 10.0, ""steps"": 2000, ""task_allocator"": ""conflict_aware""}"
62f3359a2712f651e774c1672cc30b483c33ca56556529da076e33de581bc761,aux_h_r_decoupling,5,"{""communication_mode"": ""priority"", ""fov_radius"": 4, ""global_solver"": ""lacam_official"", ""hard_safety"": true, ""horizon"": 40, ""human_model"": ""random_walk"", ""local_planner"": ""astar"", ""map_path"": ""data/maps/warehouse-10-20-10-2-2.map"", ""map_to_human_model"": {""warehouse-10-20-10-2-2"": ""aisle""}, ""mode"": ""lifelong"", ""num_agents"": 50, ""num_humans"": 50, ""replan_every"": 5, ""safety_radius"": 1, ""seed"": 5, ""solver_timeout_s"": 10.0, ""steps"": 2000, ""task_allocator"": ""conflict_aware""}"
a06c2eb4ee8afec6184713c829af0bf7c6ec22212eedd19da84c6addff46f67e,aux_h_r_decoupling,6,"{""communication_mode"": ""priority"", ""fov_radius"": 4, ""global_solver"": ""lacam_official"", ""hard_safety"": true, ""horizon"": 40, ""human_model"": ""random_walk"", ""local_planner"": ""astar"", ""map_path"": ""data/maps/warehouse-10-20-10-2-2.map"", ""map_to_human_model"": {""warehouse-10-20-10-2-2"": ""aisle""}, ""mode"": ""lifelong"", ""num_agents"": 50, ""num_humans"": 50, ""replan_every"": 5, ""safety_radius"": 1, ""seed"": 6, ""solver_timeout_s"": 10.0, ""steps"": 2000, ""task_allocator"": ""conflict_aware""}"
5c77ad9c9804687524cdda32e64e50db96c4781c41636e701b534339915065bf,aux_h_r_decoupling,7,"{""communication_mode"": ""priority"", ""fov_radius"": 4, ""global_solver"": ""lacam_official"", ""hard_safety"": true, ""horizon"": 40, ""human_model"": ""random_walk"", ""local_planner"": ""astar"", ""map_path"": ""data/maps/warehouse-10-20-10-2-2.map"", ""map_to_human_model"": {""warehouse-10-20-10-2-2"": ""aisle""}, ""mode"": ""lifelong"", ""num_agents"": 50, ""num_humans"": 50, ""replan_every"": 5, ""safety_radius"": 1, ""seed"": 7, ""solver_timeout_s"": 10.0, ""steps"": 2000, ""task_allocator"": ""conflict_aware""}"
1df5cfff3f8752070830d267d7746a9d4cd6a82749c2a9f01d16460206f02271,aux_h_r_decoupling,8,"{""communication_mode"": ""priority"", ""fov_radius"": 4, ""global_solver"": ""lacam_official"", ""hard_safety"": true, ""horizon"": 40, ""human_model"": ""random_walk"", ""local_planner"": ""astar"", ""map_path"": ""data/maps/warehouse-10-20-10-2-2.map"", ""map_to_human_model"": {""warehouse-10-20-10-2-2"": ""aisle""}, ""mode"": ""lifelong"", ""num_agents"": 50, ""num_humans"": 50, ""replan_every"": 5, ""safety_radius"": 1, ""seed"": 8, ""solver_timeout_s"": 10.0, ""steps"": 2000, ""task_allocator"": ""conflict_aware""}"
5b4c2fb7c2654ddf324dce6be7f2c7038875006618256910f6a81d1c0d6040a6,aux_h_r_decoupling,9,"{""communication_mode"": ""priority"", ""fov_radius"": 4, ""global_solver"": ""lacam_official"", ""hard_safety"": true, ""horizon"": 40, ""human_model"": ""random_walk"", ""local_planner"": ""astar"", ""map_path"": ""data/maps/warehouse-10-20-10-2-2.map"", ""map_to_human_model"": {""warehouse-10-20-10-2-2"": ""aisle""}, ""mode"": ""lifelong"", ""num_agents"": 50, ""num_humans"": 50, ""replan_every"": 5, ""safety_radius"": 1, ""seed"": 9, ""solver_timeout_s"": 10.0, ""steps"": 2000, ""task_allocator"": ""conflict_aware""}"
19eb83fbce18b790b002b339e65eda31f09f1997deba6ca1d8c580ed598fc083,aux_h_r_decoupling,0,"{""communication_mode"": ""priority"", ""fov_radius"": 4, ""global_solver"": ""lacam_official"", ""hard_safety"": true, ""horizon"": 40, ""human_model"": ""random_walk"", ""local_planner"": ""astar"", ""map_path"": ""data/maps/warehouse-10-20-10-2-2.map"", ""map_to_human_model"": {""warehouse-10-20-10-2-2"": ""aisle""}, ""mode"": ""lifelong"", ""num_agents"": 50, ""num_humans"": 50, ""replan_every"": 10, ""safety_radius"": 1, ""seed"": 0, ""solver_timeout_s"": 10.0, ""steps"": 2000, ""task_allocator"": ""conflict_aware""}"
ee0c665f365f6a8785302b6da8510def8741cda149b552331ad9217daeec1902,aux_h_r_decoupling,1,"{""communication_mode"": ""priority"", ""fov_radius"": 4, ""global_solver"": ""lacam_official"", ""hard_safety"": true, ""horizon"": 40, ""human_model"": ""random_walk"", ""local_planner"": ""astar"", ""map_path"": ""data/maps/warehouse-10-20-10-2-2.map"", ""map_to_human_model"": {""warehouse-10-20-10-2-2"": ""aisle""}, ""mode"": ""lifelong"", ""num_agents"": 50, ""num_humans"": 50, ""replan_every"": 10, ""safety_radius"": 1, ""seed"": 1, ""solver_timeout_s"": 10.0, ""steps"": 2000, ""task_allocator"": ""conflict_aware""}"
95548fd517ec1e4e65793ed8bafa36578b67d1cc64491c6a1476242d5cb08bee,aux_h_r_decoupling,2,"{""communication_mode"": ""priority"", ""fov_radius"": 4, ""global_solver"": ""lacam_official"", ""hard_safety"": true, ""horizon"": 40, ""human_model"": ""random_walk"", ""local_planner"": ""astar"", ""map_path"": ""data/maps/warehouse-10-20-10-2-2.map"", ""map_to_human_model"": {""warehouse-10-20-10-2-2"": ""aisle""}, ""mode"": ""lifelong"", ""num_agents"": 50, ""num_humans"": 50, ""replan_every"": 10, ""safety_radius"": 1, ""seed"": 2, ""solver_timeout_s"": 10.0, ""steps"": 2000, ""task_allocator"": ""conflict_aware""}"
d66c9b42cf0235955f21291088642f69958339016da85946d9828fe25cbafdbf,aux_h_r_decoupling,3,"{""communication_mode"": ""priority"", ""fov_radius"": 4, ""global_solver"": ""lacam_official"", ""hard_safety"": true, ""horizon"": 40, ""human_model"": ""random_walk"", ""local_planner"": ""astar"", ""map_path"": ""data/maps/warehouse-10-20-10-2-2.map"", ""map_to_human_model"": {""warehouse-10-20-10-2-2"": ""aisle""}, ""mode"": ""lifelong"", ""num_agents"": 50, ""num_humans"": 50, ""replan_every"": 10, ""safety_radius"": 1, ""seed"": 3, ""solver_timeout_s"": 10.0, ""steps"": 2000, ""task_allocator"": ""conflict_aware""}"
a4d8f3a7a794b1beb7dcae18854dbcb2b7fdefb6cffeec648ad96bfd49555ba2,aux_h_r_decoupling,4,"{""communication_mode"": ""priority"", ""fov_radius"": 4, ""global_solver"": ""lacam_official"", ""hard_safety"": true, ""horizon"": 40, ""human_model"": ""random_walk"", ""local_planner"": ""astar"", ""map_path"": ""data/maps/warehouse-10-20-10-2-2.map"", ""map_to_human_model"": {""warehouse-10-20-10-2-2"": ""aisle""}, ""mode"": ""lifelong"", ""num_agents"": 50, ""num_humans"": 50, ""replan_every"": 10, ""safety_radius"": 1, ""seed"": 4, ""solver_timeout_s"": 10.0, ""steps"": 2000, ""task_allocator"": ""conflict_aware""}"
215ee04716b021a8562424aa2831dfaed241d2a01d8a10c44b307cdf8c4944a3,aux_h_r_decoupling,5,"{""communication_mode"": ""priority"", ""fov_radius"": 4, ""global_solver"": ""lacam_official"", ""hard_safety"": true, ""horizon"": 40, ""human_model"": ""random_walk"", ""local_planner"": ""astar"", ""map_path"": ""data/maps/warehouse-10-20-10-2-2.map"", ""map_to_human_model"": {""warehouse-10-20-10-2-2"": ""aisle""}, ""mode"": ""lifelong"", ""num_agents"": 50, ""num_humans"": 50, ""replan_every"": 10, ""safety_radius"": 1, ""seed"": 5, ""solver_timeout_s"": 10.0, ""steps"": 2000, ""task_allocator"": ""conflict_aware""}"
cb38f55966c1d6c6cdce68e9efe95f37ed1194155eb59c739cfe4be42f5d9c16,aux_h_r_decoupling,6,"{""communication_mode"": ""priority"", ""fov_radius"": 4, ""global_solver"": ""lacam_official"", ""hard_safety"": true, ""horizon"": 40, ""human_model"": ""random_walk"", ""local_planner"": ""astar"", ""map_path"": ""data/maps/warehouse-10-20-10-2-2.map"", ""map_to_human_model"": {""warehouse-10-20-10-2-2"": ""aisle""}, ""mode"": ""lifelong"", ""num_agents"": 50, ""num_humans"": 50, ""replan_every"": 10, ""safety_radius"": 1, ""seed"": 6, ""solver_timeout_s"": 10.0, ""steps"": 2000, ""task_allocator"": ""conflict_aware""}"
b09ffe63d46cd17b67aa3b29f260bec242bfc2ac37546f7e8163eee20648002e,aux_h_r_decoupling,7,"{""communication_mode"": ""priority"", ""fov_radius"": 4, ""global_solver"": ""lacam_official"", ""hard_safety"": true, ""horizon"": 40, ""human_model"": ""random_walk"", ""local_planner"": ""astar"", ""map_path"": ""data/maps/warehouse-10-20-10-2-2.map"", ""map_to_human_model"": {""warehouse-10-20-10-2-2"": ""aisle""}, ""mode"": ""lifelong"", ""num_agents"": 50, ""num_humans"": 50, ""replan_every"": 10, ""safety_radius"": 1, ""seed"": 7, ""solver_timeout_s"": 10.0, ""steps"": 2000, ""task_allocator"": ""conflict_aware""}"
44ae98ae3ff605016052f794eaba36ed59a70a04c1e4511756f192baa291b4be,aux_h_r_decoupling,8,"{""communication_mode"": ""priority"", ""fov_radius"": 4, ""global_solver"": ""lacam_official"", ""hard_safety"": true, ""horizon"": 40, ""human_model"": ""random_walk"", ""local_planner"": ""astar"", ""map_path"": ""data/maps/warehouse-10-20-10-2-2.map"", ""map_to_human_model"": {""warehouse-10-20-10-2-2"": ""aisle""}, ""mode"": ""lifelong"", ""num_agents"": 50, ""num_humans"": 50, ""replan_every"": 10, ""safety_radius"": 1, ""seed"": 8, ""solver_timeout_s"": 10.0, ""steps"": 2000, ""task_allocator"": ""conflict_aware""}"
43018e71681d9fcf9ef15b6439f6f88c9bfe4ee1f0075b0e92b215b53a33dac8,aux_h_r_decoupling,9,"{""communication_mode"": ""priority"", ""fov_radius"": 4, ""global_solver"": ""lacam_official"", ""hard_safety"": true, ""horizon"": 40, ""human_model"": ""random_walk"", ""local_planner"": ""astar"", ""map_path"": ""data/maps/warehouse-10-20-10-2-2.map"", ""map_to_human_model"": {""warehouse-10-20-10-2-2"": ""aisle""}, ""mode"": ""lifelong"", ""num_agents"": 50, ""num_humans"": 50, ""replan_every"": 10, ""safety_radius"": 1, ""seed"": 9, ""solver_timeout_s"": 10.0, ""steps"": 2000, ""task_allocator"": ""conflict_aware""}"
ee7ba55a2da0f88beac8f4a22ef87c0acb85820f49f6b4f4b9e6a0f50dbe6c22,aux_h_r_decoupling,0,"{""communication_mode"": ""priority"", ""fov_radius"": 4, ""global_solver"": ""lacam_official"", ""hard_safety"": true, ""horizon"": 40, ""human_model"": ""random_walk"", ""local_planner"": ""astar"", ""map_path"": ""data/maps/warehouse-10-20-10-2-2.map"", ""map_to_human_model"": {""warehouse-10-20-10-2-2"": ""aisle""}, ""mode"": ""lifelong"", ""num_agents"": 50, ""num_humans"": 50, ""replan_every"": 20, ""safety_radius"": 1, ""seed"": 0, ""solver_timeout_s"": 10.0, ""steps"": 2000, ""task_allocator"": ""conflict_aware""}"
a638a8a5d0cd0e87fc8ee4fbfc19ba0525a0c060e68c777d4aa6ee2d1bba2b7d,aux_h_r_decoupling,1,"{""communication_mode"": ""priority"", ""fov_radius"": 4, ""global_solver"": ""lacam_official"", ""hard_safety"": true, ""horizon"": 40, ""human_model"": ""random_walk"", ""local_planner"": ""astar"", ""map_path"": ""data/maps/warehouse-10-20-10-2-2.map"", ""map_to_human_model"": {""warehouse-10-20-10-2-2"": ""aisle""}, ""mode"": ""lifelong"", ""num_agents"": 50, ""num_humans"": 50, ""replan_every"": 20, ""safety_radius"": 1, ""seed"": 1, ""solver_timeout_s"": 10.0, ""steps"": 2000, ""task_allocator"": ""conflict_aware""}"
8260d728b47ce8b7f42a11ae7cc1c1d2b01fc2fe4f4d96be6a8a467e9207d1ac,aux_h_r_decoupling,2,"{""communication_mode"": ""priority"", ""fov_radius"": 4, ""global_solver"": ""lacam_official"", ""hard_safety"": true, ""horizon"": 40, ""human_model"": ""random_walk"", ""local_planner"": ""astar"", ""map_path"": ""data/maps/warehouse-10-20-10-2-2.map"", ""map_to_human_model"": {""warehouse-10-20-10-2-2"": ""aisle""}, ""mode"": ""lifelong"", ""num_agents"": 50, ""num_humans"": 50, ""replan_every"": 20, ""safety_radius"": 1, ""seed"": 2, ""solver_timeout_s"": 10.0, ""steps"": 2000, ""task_allocator"": ""conflict_aware""}"
23f7896c966c98ba4d556de23d80ef18bc498b9a79da2bbd1f8cdd72348eeae2,aux_h_r_decoupling,3,"{""communication_mode"": ""priority"", ""fov_radius"": 4, ""global_solver"": ""lacam_official"", ""hard_safety"": true, ""horizon"": 40, ""human_model"": ""random_walk"", ""local_planner"": ""astar"", ""map_path"": ""data/maps/warehouse-10-20-10-2-2.map"", ""map_to_human_model"": {""warehouse-10-20-10-2-2"": ""aisle""}, ""mode"": ""lifelong"", ""num_agents"": 50, ""num_humans"": 50, ""replan_every"": 20, ""safety_radius"": 1, ""seed"": 3, ""solver_timeout_s"": 10.0, ""steps"": 2000, ""task_allocator"": ""conflict_aware""}"
dc090fe065f3778253ae79509ec41e2732981bfea25ff0b4a036a19a83edde7d,aux_h_r_decoupling,4,"{""communication_mode"": ""priority"", ""fov_radius"": 4, ""global_solver"": ""lacam_official"", ""hard_safety"": true, ""horizon"": 40, ""human_model"": ""random_walk"", ""local_planner"": ""astar"", ""map_path"": ""data/maps/warehouse-10-20-10-2-2.map"", ""map_to_human_model"": {""warehouse-10-20-10-2-2"": ""aisle""}, ""mode"": ""lifelong"", ""num_agents"": 50, ""num_humans"": 50, ""replan_every"": 20, ""safety_radius"": 1, ""seed"": 4, ""solver_timeout_s"": 10.0, ""steps"": 2000, ""task_allocator"": ""conflict_aware""}"
7ae867c47f1ba3317de5c1fe22c1ef0198d93319b6d057bc7f41be6553f4dce1,aux_h_r_decoupling,5,"{""communication_mode"": ""priority"", ""fov_radius"": 4, ""global_solver"": ""lacam_official"", ""hard_safety"": true, ""horizon"": 40, ""human_model"": ""random_walk"", ""local_planner"": ""astar"", ""map_path"": ""data/maps/warehouse-10-20-10-2-2.map"", ""map_to_human_model"": {""warehouse-10-20-10-2-2"": ""aisle""}, ""mode"": ""lifelong"", ""num_agents"": 50, ""num_humans"": 50, ""replan_every"": 20, ""safety_radius"": 1, ""seed"": 5, ""solver_timeout_s"": 10.0, ""steps"": 2000, ""task_allocator"": ""conflict_aware""}"
d3d5b481636f5d28baa937fe27402d239ea3024e0d8a7a9e880247119095101f,aux_h_r_decoupling,6,"{""communication_mode"": ""priority"", ""fov_radius"": 4, ""global_solver"": ""lacam_official"", ""hard_safety"": true, ""horizon"": 40, ""human_model"": ""random_walk"", ""local_planner"": ""astar"", ""map_path"": ""data/maps/warehouse-10-20-10-2-2.map"", ""map_to_human_model"": {""warehouse-10-20-10-2-2"": ""aisle""}, ""mode"": ""lifelong"", ""num_agents"": 50, ""num_humans"": 50, ""replan_every"": 20, ""safety_radius"": 1, ""seed"": 6, ""solver_timeout_s"": 10.0, ""steps"": 2000, ""task_allocator"": ""conflict_aware""}"
1092318e37e0b7fcfda2c7e0b25a5f576e7962209e97323ef6fc3ff503226996,aux_h_r_decoupling,7,"{""communication_mode"": ""priority"", ""fov_radius"": 4, ""global_solver"": ""lacam_official"", ""hard_safety"": true, ""horizon"": 40, ""human_model"": ""random_walk"", ""local_planner"": ""astar"", ""map_path"": ""data/maps/warehouse-10-20-10-2-2.map"", ""map_to_human_model"": {""warehouse-10-20-10-2-2"": ""aisle""}, ""mode"": ""lifelong"", ""num_agents"": 50, ""num_humans"": 50, ""replan_every"": 20, ""safety_radius"": 1, ""seed"": 7, ""solver_timeout_s"": 10.0, ""steps"": 2000, ""task_allocator"": ""conflict_aware""}"
ad09c4b028baca5e727653fd63aaf991eeb6d1ee9400946b095b7f633fb9e367,aux_h_r_decoupling,8,"{""communication_mode"": ""priority"", ""fov_radius"": 4, ""global_solver"": ""lacam_official"", ""hard_safety"": true, ""horizon"": 40, ""human_model"": ""random_walk"", ""local_planner"": ""astar"", ""map_path"": ""data/maps/warehouse-10-20-10-2-2.map"", ""map_to_human_model"": {""warehouse-10-20-10-2-2"": ""aisle""}, ""mode"": ""lifelong"", ""num_agents"": 50, ""num_humans"": 50, ""replan_every"": 20, ""safety_radius"": 1, ""seed"": 8, ""solver_timeout_s"": 10.0, ""steps"": 2000, ""task_allocator"": ""conflict_aware""}"
533082a2a5c1da356aaa069b917b9e38d40cdbffbf4b659279d2ea4fa53c9221,aux_h_r_decoupling,9,"{""communication_mode"": ""priority"", ""fov_radius"": 4, ""global_solver"": ""lacam_official"", ""hard_safety"": true, ""horizon"": 40, ""human_model"": ""random_walk"", ""local_planner"": ""astar"", ""map_path"": ""data/maps/warehouse-10-20-10-2-2.map"", ""map_to_human_model"": {""warehouse-10-20-10-2-2"": ""aisle""}, ""mode"": ""lifelong"", ""num_agents"": 50, ""num_humans"": 50, ""replan_every"": 20, ""safety_radius"": 1, ""seed"": 9, ""solver_timeout_s"": 10.0, ""steps"": 2000, ""task_allocator"": ""conflict_aware""}"
9424fa96de08f000b4c0e22d0b5ea7c216015f7329f7035771c9b6d48aeb3408,aux_h_r_decoupling,0,"{""communication_mode"": ""priority"", ""fov_radius"": 4, ""global_solver"": ""lacam_official"", ""hard_safety"": true, ""horizon"": 80, ""human_model"": ""random_walk"", ""local_planner"": ""astar"", ""map_path"": ""data/maps/warehouse-10-20-10-2-2.map"", ""map_to_human_model"": {""warehouse-10-20-10-2-2"": ""aisle""}, ""mode"": ""lifelong"", ""num_agents"": 50, ""num_humans"": 50, ""replan_every"": 1, ""safety_radius"": 1, ""seed"": 0, ""solver_timeout_s"": 10.0, ""steps"": 2000, ""task_allocator"": ""conflict_aware""}"
73d080543a83863bfc663e6edd4f0d1d75dc250ea4901809f637838061f52f23,aux_h_r_decoupling,1,"{""communication_mode"": ""priority"", ""fov_radius"": 4, ""global_solver"": ""lacam_official"", ""hard_safety"": true, ""horizon"": 80, ""human_model"": ""random_walk"", ""local_planner"": ""astar"", ""map_path"": ""data/maps/warehouse-10-20-10-2-2.map"", ""map_to_human_model"": {""warehouse-10-20-10-2-2"": ""aisle""}, ""mode"": ""lifelong"", ""num_agents"": 50, ""num_humans"": 50, ""replan_every"": 1, ""safety_radius"": 1, ""seed"": 1, ""solver_timeout_s"": 10.0, ""steps"": 2000, ""task_allocator"": ""conflict_aware""}"
70fb0409e4ae198582373b0e05fb9c0d5eee2a23c8351bd80af7993e7c945007,aux_h_r_decoupling,2,"{""communication_mode"": ""priority"", ""fov_radius"": 4, ""global_solver"": ""lacam_official"", ""hard_safety"": true, ""horizon"": 80, ""human_model"": ""random_walk"", ""local_planner"": ""astar"", ""map_path"": ""data/maps/warehouse-10-20-10-2-2.map"", ""map_to_human_model"": {""warehouse-10-20-10-2-2"": ""aisle""}, ""mode"": ""lifelong"", ""num_agents"": 50, ""num_humans"": 50, ""replan_every"": 1, ""safety_radius"": 1, ""seed"": 2, ""solver_timeout_s"": 10.0, ""steps"": 2000, ""task_allocator"": ""conflict_aware""}"
765c388cf6f35ea92b26d004d826c54932bb3ff4055ef9574a6e140f90f2d36b,aux_h_r_decoupling,3,"{""communication_mode"": ""priority"", ""fov_radius"": 4, ""global_solver"": ""lacam_official"", ""hard_safety"": true, ""horizon"": 80, ""human_model"": ""random_walk"", ""local_planner"": ""astar"", ""map_path"": ""data/maps/warehouse-10-20-10-2-2.map"", ""map_to_human_model"": {""warehouse-10-20-10-2-2"": ""aisle""}, ""mode"": ""lifelong"", ""num_agents"": 50, ""num_humans"": 50, ""replan_every"": 1, ""safety_radius"": 1, ""seed"": 3, ""solver_timeout_s"": 10.0, ""steps"": 2000, ""task_allocator"": ""conflict_aware""}"
1b6fa2ac57a9d074ce44d734f2ba6fe037f6747e252b8a2e994b043a3f7f0760,aux_h_r_decoupling,4,"{""communication_mode"": ""priority"", ""fov_radius"": 4, ""global_solver"": ""lacam_official"", ""hard_safety"": true, ""horizon"": 80, ""human_model"": ""random_walk"", ""local_planner"": ""astar"", ""map_path"": ""data/maps/warehouse-10-20-10-2-2.map"", ""map_to_human_model"": {""warehouse-10-20-10-2-2"": ""aisle""}, ""mode"": ""lifelong"", ""num_agents"": 50, ""num_humans"": 50, ""replan_every"": 1, ""safety_radius"": 1, ""seed"": 4, ""solver_timeout_s"": 10.0, ""steps"": 2000, ""task_allocator"": ""conflict_aware""}"
b8665dce6d78fd65e5381fa6dea9591c0d1276864cbe44b60f7e1a493b771a7d,aux_h_r_decoupling,5,"{""communication_mode"": ""priority"", ""fov_radius"": 4, ""global_solver"": ""lacam_official"", ""hard_safety"": true, ""horizon"": 80, ""human_model"": ""random_walk"", ""local_planner"": ""astar"", ""map_path"": ""data/maps/warehouse-10-20-10-2-2.map"", ""map_to_human_model"": {""warehouse-10-20-10-2-2"": ""aisle""}, ""mode"": ""lifelong"", ""num_agents"": 50, ""num_humans"": 50, ""replan_every"": 1, ""safety_radius"": 1, ""seed"": 5, ""solver_timeout_s"": 10.0, ""steps"": 2000, ""task_allocator"": ""conflict_aware""}"
276c615a550a921e92a0010b826448607cb6c4ef8fac5ede5627d08498fdee01,aux_h_r_decoupling,6,"{""communication_mode"": ""priority"", ""fov_radius"": 4, ""global_solver"": ""lacam_official"", ""hard_safety"": true, ""horizon"": 80, ""human_model"": ""random_walk"", ""local_planner"": ""astar"", ""map_path"": ""data/maps/warehouse-10-20-10-2-2.map"", ""map_to_human_model"": {""warehouse-10-20-10-2-2"": ""aisle""}, ""mode"": ""lifelong"", ""num_agents"": 50, ""num_humans"": 50, ""replan_every"": 1, ""safety_radius"": 1, ""seed"": 6, ""solver_timeout_s"": 10.0, ""steps"": 2000, ""task_allocator"": ""conflict_aware""}"
2803c82073bb6654fc6c677e34681994e84e31f494b02e19cc4c997d1ac39d74,aux_h_r_decoupling,7,"{""communication_mode"": ""priority"", ""fov_radius"": 4, ""global_solver"": ""lacam_official"", ""hard_safety"": true, ""horizon"": 80, ""human_model"": ""random_walk"", ""local_planner"": ""astar"", ""map_path"": ""data/maps/warehouse-10-20-10-2-2.map"", ""map_to_human_model"": {""warehouse-10-20-10-2-2"": ""aisle""}, ""mode"": ""lifelong"", ""num_agents"": 50, ""num_humans"": 50, ""replan_every"": 1, ""safety_radius"": 1, ""seed"": 7, ""solver_timeout_s"": 10.0, ""steps"": 2000, ""task_allocator"": ""conflict_aware""}"
22ebc2226367440b763dfce174951b10572b2b4f6f2cddac23ff1a17e0dd4077,aux_h_r_decoupling,8,"{""communication_mode"": ""priority"", ""fov_radius"": 4, ""global_solver"": ""lacam_official"", ""hard_safety"": true, ""horizon"": 80, ""human_model"": ""random_walk"", ""local_planner"": ""astar"", ""map_path"": ""data/maps/warehouse-10-20-10-2-2.map"", ""map_to_human_model"": {""warehouse-10-20-10-2-2"": ""aisle""}, ""mode"": ""lifelong"", ""num_agents"": 50, ""num_humans"": 50, ""replan_every"": 1, ""safety_radius"": 1, ""seed"": 8, ""solver_timeout_s"": 10.0, ""steps"": 2000, ""task_allocator"": ""conflict_aware""}"
137eb78e0ebbea5c0697f724ec46af63c9af85896986dace036610fd8e7ed874,aux_h_r_decoupling,9,"{""communication_mode"": ""priority"", ""fov_radius"": 4, ""global_solver"": ""lacam_official"", ""hard_safety"": true, ""horizon"": 80, ""human_model"": ""random_walk"", ""local_planner"": ""astar"", ""map_path"": ""data/maps/warehouse-10-20-10-2-2.map"", ""map_to_human_model"": {""warehouse-10-20-10-2-2"": ""aisle""}, ""mode"": ""lifelong"", ""num_agents"": 50, ""num_humans"": 50, ""replan_every"": 1, ""safety_radius"": 1, ""seed"": 9, ""solver_timeout_s"": 10.0, ""steps"": 2000, ""task_allocator"": ""conflict_aware""}"
580b5c48be80f37a673b7c9e4c21d092c8028e1f14b2efd19700be6581736cd3,aux_h_r_decoupling,0,"{""communication_mode"": ""priority"", ""fov_radius"": 4, ""global_solver"": ""lacam_official"", ""hard_safety"": true, ""horizon"": 80, ""human_model"": ""random_walk"", ""local_planner"": ""astar"", ""map_path"": ""data/maps/warehouse-10-20-10-2-2.map"", ""map_to_human_model"": {""warehouse-10-20-10-2-2"": ""aisle""}, ""mode"": ""lifelong"", ""num_agents"": 50, ""num_humans"": 50, ""replan_every"": 5, ""safety_radius"": 1, ""seed"": 0, ""solver_timeout_s"": 10.0, ""steps"": 2000, ""task_allocator"": ""conflict_aware""}"
2298058fffec9426f0c0d8bdf1d587e59fb66019577ed155496d82e5ed9df7e5,aux_h_r_decoupling,1,"{""communication_mode"": ""priority"", ""fov_radius"": 4, ""global_solver"": ""lacam_official"", ""hard_safety"": true, ""horizon"": 80, ""human_model"": ""random_walk"", ""local_planner"": ""astar"", ""map_path"": ""data/maps/warehouse-10-20-10-2-2.map"", ""map_to_human_model"": {""warehouse-10-20-10-2-2"": ""aisle""}, ""mode"": ""lifelong"", ""num_agents"": 50, ""num_humans"": 50, ""replan_every"": 5, ""safety_radius"": 1, ""seed"": 1, ""solver_timeout_s"": 10.0, ""steps"": 2000, ""task_allocator"": ""conflict_aware""}"
9adeed198b86a5df2378700a734ec3fb57485bf840d1b13e6491147e4bba7a34,aux_h_r_decoupling,2,"{""communication_mode"": ""priority"", ""fov_radius"": 4, ""global_solver"": ""lacam_official"", ""hard_safety"": true, ""horizon"": 80, ""human_model"": ""random_walk"", ""local_planner"": ""astar"", ""map_path"": ""data/maps/warehouse-10-20-10-2-2.map"", ""map_to_human_model"": {""warehouse-10-20-10-2-2"": ""aisle""}, ""mode"": ""lifelong"", ""num_agents"": 50, ""num_humans"": 50, ""replan_every"": 5, ""safety_radius"": 1, ""seed"": 2, ""solver_timeout_s"": 10.0, ""steps"": 2000, ""task_allocator"": ""conflict_aware""}"
55ce9a2a141e5075ecb4034f13e43cbc418620649523aa831fa8067fca667473,aux_h_r_decoupling,3,"{""communication_mode"": ""priority"", ""fov_radius"": 4, ""global_solver"": ""lacam_official"", ""hard_safety"": true, ""horizon"": 80, ""human_model"": ""random_walk"", ""local_planner"": ""astar"", ""map_path"": ""data/maps/warehouse-10-20-10-2-2.map"", ""map_to_human_model"": {""warehouse-10-20-10-2-2"": ""aisle""}, ""mode"": ""lifelong"", ""num_agents"": 50, ""num_humans"": 50, ""replan_every"": 5, ""safety_radius"": 1, ""seed"": 3, ""solver_timeout_s"": 10.0, ""steps"": 2000, ""task_allocator"": ""conflict_aware""}"
977676f1b5959d8e7d5d81ff8fe9006a4529932f37145b26ec55a5fe947f931d,aux_h_r_decoupling,4,"{""communication_mode"": ""priority"", ""fov_radius"": 4, ""global_solver"": ""lacam_official"", ""hard_safety"": true, ""horizon"": 80, ""human_model"": ""random_walk"", ""local_planner"": ""astar"", ""map_path"": ""data/maps/warehouse-10-20-10-2-2.map"", ""map_to_human_model"": {""warehouse-10-20-10-2-2"": ""aisle""}, ""mode"": ""lifelong"", ""num_agents"": 50, ""num_humans"": 50, ""replan_every"": 5, ""safety_radius"": 1, ""seed"": 4, ""solver_timeout_s"": 10.0, ""steps"": 2000, ""task_allocator"": ""conflict_aware""}"
2f1bff3ac6b1febf19d6e1e911f44566d751ceb564ef0493b3c0569a552eb601,aux_h_r_decoupling,5,"{""communication_mode"": ""priority"", ""fov_radius"": 4, ""global_solver"": ""lacam_official"", ""hard_safety"": true, ""horizon"": 80, ""human_model"": ""random_walk"", ""local_planner"": ""astar"", ""map_path"": ""data/maps/warehouse-10-20-10-2-2.map"", ""map_to_human_model"": {""warehouse-10-20-10-2-2"": ""aisle""}, ""mode"": ""lifelong"", ""num_agents"": 50, ""num_humans"": 50, ""replan_every"": 5, ""safety_radius"": 1, ""seed"": 5, ""solver_timeout_s"": 10.0, ""steps"": 2000, ""task_allocator"": ""conflict_aware""}"
5baee17be40f55b7f533969cc5d7fe25f4125a4520433c5b888aeaeea6e5afb8,aux_h_r_decoupling,6,"{""communication_mode"": ""priority"", ""fov_radius"": 4, ""global_solver"": ""lacam_official"", ""hard_safety"": true, ""horizon"": 80, ""human_model"": ""random_walk"", ""local_planner"": ""astar"", ""map_path"": ""data/maps/warehouse-10-20-10-2-2.map"", ""map_to_human_model"": {""warehouse-10-20-10-2-2"": ""aisle""}, ""mode"": ""lifelong"", ""num_agents"": 50, ""num_humans"": 50, ""replan_every"": 5, ""safety_radius"": 1, ""seed"": 6, ""solver_timeout_s"": 10.0, ""steps"": 2000, ""task_allocator"": ""conflict_aware""}"
95bb96bfe1f53d7b7d13ea4f2ad3c46494cfaa4955abe22b41ba689a33d25091,aux_h_r_decoupling,7,"{""communication_mode"": ""priority"", ""fov_radius"": 4, ""global_solver"": ""lacam_official"", ""hard_safety"": true, ""horizon"": 80, ""human_model"": ""random_walk"", ""local_planner"": ""astar"", ""map_path"": ""data/maps/warehouse-10-20-10-2-2.map"", ""map_to_human_model"": {""warehouse-10-20-10-2-2"": ""aisle""}, ""mode"": ""lifelong"", ""num_agents"": 50, ""num_humans"": 50, ""replan_every"": 5, ""safety_radius"": 1, ""seed"": 7, ""solver_timeout_s"": 10.0, ""steps"": 2000, ""task_allocator"": ""conflict_aware""}"
b5700dd2d935b73c2283b79cad8e3940e363a5e80721e3bbedaaa805ec231a49,aux_h_r_decoupling,8,"{""communication_mode"": ""priority"", ""fov_radius"": 4, ""global_solver"": ""lacam_official"", ""hard_safety"": true, ""horizon"": 80, ""human_model"": ""random_walk"", ""local_planner"": ""astar"", ""map_path"": ""data/maps/warehouse-10-20-10-2-2.map"", ""map_to_human_model"": {""warehouse-10-20-10-2-2"": ""aisle""}, ""mode"": ""lifelong"", ""num_agents"": 50, ""num_humans"": 50, ""replan_every"": 5, ""safety_radius"": 1, ""seed"": 8, ""solver_timeout_s"": 10.0, ""steps"": 2000, ""task_allocator"": ""conflict_aware""}"
ec7208d24b2b066f7cb2390bfce3eab3310254fd4ec405506b398ca1ea6ad59f,aux_h_r_decoupling,9,"{""communication_mode"": ""priority"", ""fov_radius"": 4, ""global_solver"": ""lacam_official"", ""hard_safety"": true, ""horizon"": 80, ""human_model"": ""random_walk"", ""local_planner"": ""astar"", ""map_path"": ""data/maps/warehouse-10-20-10-2-2.map"", ""map_to_human_model"": {""warehouse-10-20-10-2-2"": ""aisle""}, ""mode"": ""lifelong"", ""num_agents"": 50, ""num_humans"": 50, ""replan_every"": 5, ""safety_radius"": 1, ""seed"": 9, ""solver_timeout_s"": 10.0, ""steps"": 2000, ""task_allocator"": ""conflict_aware""}"
2693a47ec13494fad247212bbdc10aed2047bef98d2077eaa37f6c694197ccd8,aux_h_r_decoupling,0,"{""communication_mode"": ""priority"", ""fov_radius"": 4, ""global_solver"": ""lacam_official"", ""hard_safety"": true, ""horizon"": 80, ""human_model"": ""random_walk"", ""local_planner"": ""astar"", ""map_path"": ""data/maps/warehouse-10-20-10-2-2.map"", ""map_to_human_model"": {""warehouse-10-20-10-2-2"": ""aisle""}, ""mode"": ""lifelong"", ""num_agents"": 50, ""num_humans"": 50, ""replan_every"": 10, ""safety_radius"": 1, ""seed"": 0, ""solver_timeout_s"": 10.0, ""steps"": 2000, ""task_allocator"": ""conflict_aware""}"
20370a8ec46fc245680d4a4536189121183a9203a32912ea1e97c8118105f1bb,aux_h_r_decoupling,1,"{""communication_mode"": ""priority"", ""fov_radius"": 4, ""global_solver"": ""lacam_official"", ""hard_safety"": true, ""horizon"": 80, ""human_model"": ""random_walk"", ""local_planner"": ""astar"", ""map_path"": ""data/maps/warehouse-10-20-10-2-2.map"", ""map_to_human_model"": {""warehouse-10-20-10-2-2"": ""aisle""}, ""mode"": ""lifelong"", ""num_agents"": 50, ""num_humans"": 50, ""replan_every"": 10, ""safety_radius"": 1, ""seed"": 1, ""solver_timeout_s"": 10.0, ""steps"": 2000, ""task_allocator"": ""conflict_aware""}"
b7ceecd2c03d07f7dad9b56911cfa26aeb67bb3ae643b08d19368514d2cd89ad,aux_h_r_decoupling,2,"{""communication_mode"": ""priority"", ""fov_radius"": 4, ""global_solver"": ""lacam_official"", ""hard_safety"": true, ""horizon"": 80, ""human_model"": ""random_walk"", ""local_planner"": ""astar"", ""map_path"": ""data/maps/warehouse-10-20-10-2-2.map"", ""map_to_human_model"": {""warehouse-10-20-10-2-2"": ""aisle""}, ""mode"": ""lifelong"", ""num_agents"": 50, ""num_humans"": 50, ""replan_every"": 10, ""safety_radius"": 1, ""seed"": 2, ""solver_timeout_s"": 10.0, ""steps"": 2000, ""task_allocator"": ""conflict_aware""}"
f5acd28e594a04ea7f4e4e4e23bc293799b3ca83925a6556def16ac2d0838075,aux_h_r_decoupling,3,"{""communication_mode"": ""priority"", ""fov_radius"": 4, ""global_solver"": ""lacam_official"", ""hard_safety"": true, ""horizon"": 80, ""human_model"": ""random_walk"", ""local_planner"": ""astar"", ""map_path"": ""data/maps/warehouse-10-20-10-2-2.map"", ""map_to_human_model"": {""warehouse-10-20-10-2-2"": ""aisle""}, ""mode"": ""lifelong"", ""num_agents"": 50, ""num_humans"": 50, ""replan_every"": 10, ""safety_radius"": 1, ""seed"": 3, ""solver_timeout_s"": 10.0, ""steps"": 2000, ""task_allocator"": ""conflict_aware""}"
c9d19799bc633ef2e5f201dde7e8d220f28046ded6cc5cc788a42f11d6642467,aux_h_r_decoupling,4,"{""communication_mode"": ""priority"", ""fov_radius"": 4, ""global_solver"": ""lacam_official"", ""hard_safety"": true, ""horizon"": 80, ""human_model"": ""random_walk"", ""local_planner"": ""astar"", ""map_path"": ""data/maps/warehouse-10-20-10-2-2.map"", ""map_to_human_model"": {""warehouse-10-20-10-2-2"": ""aisle""}, ""mode"": ""lifelong"", ""num_agents"": 50, ""num_humans"": 50, ""replan_every"": 10, ""safety_radius"": 1, ""seed"": 4, ""solver_timeout_s"": 10.0, ""steps"": 2000, ""task_allocator"": ""conflict_aware""}"
6fd219e55442b8e5e97ef4beb03bf96af21494b43b84903e6af98376c2b9354a,aux_h_r_decoupling,5,"{""communication_mode"": ""priority"", ""fov_radius"": 4, ""global_solver"": ""lacam_official"", ""hard_safety"": true, ""horizon"": 80, ""human_model"": ""random_walk"", ""local_planner"": ""astar"", ""map_path"": ""data/maps/warehouse-10-20-10-2-2.map"", ""map_to_human_model"": {""warehouse-10-20-10-2-2"": ""aisle""}, ""mode"": ""lifelong"", ""num_agents"": 50, ""num_humans"": 50, ""replan_every"": 10, ""safety_radius"": 1, ""seed"": 5, ""solver_timeout_s"": 10.0, ""steps"": 2000, ""task_allocator"": ""conflict_aware""}"
4e0d7e99db72c45919a57b46db71012d80e373bc7ed8db5a82a0bace2f417f07,aux_h_r_decoupling,6,"{""communication_mode"": ""priority"", ""fov_radius"": 4, ""global_solver"": ""lacam_official"", ""hard_safety"": true, ""horizon"": 80, ""human_model"": ""random_walk"", ""local_planner"": ""astar"", ""map_path"": ""data/maps/warehouse-10-20-10-2-2.map"", ""map_to_human_model"": {""warehouse-10-20-10-2-2"": ""aisle""}, ""mode"": ""lifelong"", ""num_agents"": 50, ""num_humans"": 50, ""replan_every"": 10, ""safety_radius"": 1, ""seed"": 6, ""solver_timeout_s"": 10.0, ""steps"": 2000, ""task_allocator"": ""conflict_aware""}"
e3d6fc7ddaa5521153c88ed80327a02be2b25625c734bea3127c2f58b87b22dd,aux_h_r_decoupling,7,"{""communication_mode"": ""priority"", ""fov_radius"": 4, ""global_solver"": ""lacam_official"", ""hard_safety"": true, ""horizon"": 80, ""human_model"": ""random_walk"", ""local_planner"": ""astar"", ""map_path"": ""data/maps/warehouse-10-20-10-2-2.map"", ""map_to_human_model"": {""warehouse-10-20-10-2-2"": ""aisle""}, ""mode"": ""lifelong"", ""num_agents"": 50, ""num_humans"": 50, ""replan_every"": 10, ""safety_radius"": 1, ""seed"": 7, ""solver_timeout_s"": 10.0, ""steps"": 2000, ""task_allocator"": ""conflict_aware""}"
0b48888b35e3fab46f71a170f2bf39e89c68d381645741508edd99a8190f6e47,aux_h_r_decoupling,8,"{""communication_mode"": ""priority"", ""fov_radius"": 4, ""global_solver"": ""lacam_official"", ""hard_safety"": true, ""horizon"": 80, ""human_model"": ""random_walk"", ""local_planner"": ""astar"", ""map_path"": ""data/maps/warehouse-10-20-10-2-2.map"", ""map_to_human_model"": {""warehouse-10-20-10-2-2"": ""aisle""}, ""mode"": ""lifelong"", ""num_agents"": 50, ""num_humans"": 50, ""replan_every"": 10, ""safety_radius"": 1, ""seed"": 8, ""solver_timeout_s"": 10.0, ""steps"": 2000, ""task_allocator"": ""conflict_aware""}"
9651c57f3d877f39a5883fb6123532218540ae81df75325d0e7f8e800060a3f6,aux_h_r_decoupling,9,"{""communication_mode"": ""priority"", ""fov_radius"": 4, ""global_solver"": ""lacam_official"", ""hard_safety"": true, ""horizon"": 80, ""human_model"": ""random_walk"", ""local_planner"": ""astar"", ""map_path"": ""data/maps/warehouse-10-20-10-2-2.map"", ""map_to_human_model"": {""warehouse-10-20-10-2-2"": ""aisle""}, ""mode"": ""lifelong"", ""num_agents"": 50, ""num_humans"": 50, ""replan_every"": 10, ""safety_radius"": 1, ""seed"": 9, ""solver_timeout_s"": 10.0, ""steps"": 2000, ""task_allocator"": ""conflict_aware""}"
1d56a511ce404ce3c7c0b17b2d24c7318431f0e6a16ce6f9199865cbea33e54c,aux_h_r_decoupling,0,"{""communication_mode"": ""priority"", ""fov_radius"": 4, ""global_solver"": ""lacam_official"", ""hard_safety"": true, ""horizon"": 80, ""human_model"": ""random_walk"", ""local_planner"": ""astar"", ""map_path"": ""data/maps/warehouse-10-20-10-2-2.map"", ""map_to_human_model"": {""warehouse-10-20-10-2-2"": ""aisle""}, ""mode"": ""lifelong"", ""num_agents"": 50, ""num_humans"": 50, ""replan_every"": 20, ""safety_radius"": 1, ""seed"": 0, ""solver_timeout_s"": 10.0, ""steps"": 2000, ""task_allocator"": ""conflict_aware""}"
085b3aa923d08c153a857ff53e0a6e9ef47adf231bad14a6cb3923cc7d2f82e1,aux_h_r_decoupling,1,"{""communication_mode"": ""priority"", ""fov_radius"": 4, ""global_solver"": ""lacam_official"", ""hard_safety"": true, ""horizon"": 80, ""human_model"": ""random_walk"", ""local_planner"": ""astar"", ""map_path"": ""data/maps/warehouse-10-20-10-2-2.map"", ""map_to_human_model"": {""warehouse-10-20-10-2-2"": ""aisle""}, ""mode"": ""lifelong"", ""num_agents"": 50, ""num_humans"": 50, ""replan_every"": 20, ""safety_radius"": 1, ""seed"": 1, ""solver_timeout_s"": 10.0, ""steps"": 2000, ""task_allocator"": ""conflict_aware""}"
83ab1ed2b6654b6ac5e992cd4a29696ac6e4c701ff8a17254f1f5cbd50d1930d,aux_h_r_decoupling,2,"{""communication_mode"": ""priority"", ""fov_radius"": 4, ""global_solver"": ""lacam_official"", ""hard_safety"": true, ""horizon"": 80, ""human_model"": ""random_walk"", ""local_planner"": ""astar"", ""map_path"": ""data/maps/warehouse-10-20-10-2-2.map"", ""map_to_human_model"": {""warehouse-10-20-10-2-2"": ""aisle""}, ""mode"": ""lifelong"", ""num_agents"": 50, ""num_humans"": 50, ""replan_every"": 20, ""safety_radius"": 1, ""seed"": 2, ""solver_timeout_s"": 10.0, ""steps"": 2000, ""task_allocator"": ""conflict_aware""}"
c792e5622c4e581476919b5a08b644194d8582346ae66a6b749174245fc6516b,aux_h_r_decoupling,3,"{""communication_mode"": ""priority"", ""fov_radius"": 4, ""global_solver"": ""lacam_official"", ""hard_safety"": true, ""horizon"": 80, ""human_model"": ""random_walk"", ""local_planner"": ""astar"", ""map_path"": ""data/maps/warehouse-10-20-10-2-2.map"", ""map_to_human_model"": {""warehouse-10-20-10-2-2"": ""aisle""}, ""mode"": ""lifelong"", ""num_agents"": 50, ""num_humans"": 50, ""replan_every"": 20, ""safety_radius"": 1, ""seed"": 3, ""solver_timeout_s"": 10.0, ""steps"": 2000, ""task_allocator"": ""conflict_aware""}"
e363dc087b1ad9cd75448c04bf246c50368aa5613de07dc43e39f91935929d1c,aux_h_r_decoupling,4,"{""communication_mode"": ""priority"", ""fov_radius"": 4, ""global_solver"": ""lacam_official"", ""hard_safety"": true, ""horizon"": 80, ""human_model"": ""random_walk"", ""local_planner"": ""astar"", ""map_path"": ""data/maps/warehouse-10-20-10-2-2.map"", ""map_to_human_model"": {""warehouse-10-20-10-2-2"": ""aisle""}, ""mode"": ""lifelong"", ""num_agents"": 50, ""num_humans"": 50, ""replan_every"": 20, ""safety_radius"": 1, ""seed"": 4, ""solver_timeout_s"": 10.0, ""steps"": 2000, ""task_allocator"": ""conflict_aware""}"
6b5da11c25d4c81fffa2227706befc29455f6387bb923131d21113b97598956e,aux_h_r_decoupling,5,"{""communication_mode"": ""priority"", ""fov_radius"": 4, ""global_solver"": ""lacam_official"", ""hard_safety"": true, ""horizon"": 80, ""human_model"": ""random_walk"", ""local_planner"": ""astar"", ""map_path"": ""data/maps/warehouse-10-20-10-2-2.map"", ""map_to_human_model"": {""warehouse-10-20-10-2-2"": ""aisle""}, ""mode"": ""lifelong"", ""num_agents"": 50, ""num_humans"": 50, ""replan_every"": 20, ""safety_radius"": 1, ""seed"": 5, ""solver_timeout_s"": 10.0, ""steps"": 2000, ""task_allocator"": ""conflict_aware""}"
b3f6f9ca43ed743f0898433749eebf4b1678d4124815d90963ef36335f565f40,aux_h_r_decoupling,6,"{""communication_mode"": ""priority"", ""fov_radius"": 4, ""global_solver"": ""lacam_official"", ""hard_safety"": true, ""horizon"": 80, ""human_model"": ""random_walk"", ""local_planner"": ""astar"", ""map_path"": ""data/maps/warehouse-10-20-10-2-2.map"", ""map_to_human_model"": {""warehouse-10-20-10-2-2"": ""aisle""}, ""mode"": ""lifelong"", ""num_agents"": 50, ""num_humans"": 50, ""replan_every"": 20, ""safety_radius"": 1, ""seed"": 6, ""solver_timeout_s"": 10.0, ""steps"": 2000, ""task_allocator"": ""conflict_aware""}"
3dbb7e2f51e8eafedf28e3809c710178a7108662301330f0e5e3a227ad921ab9,aux_h_r_decoupling,7,"{""communication_mode"": ""priority"", ""fov_radius"": 4, ""global_solver"": ""lacam_official"", ""hard_safety"": true, ""horizon"": 80, ""human_model"": ""random_walk"", ""local_planner"": ""astar"", ""map_path"": ""data/maps/warehouse-10-20-10-2-2.map"", ""map_to_human_model"": {""warehouse-10-20-10-2-2"": ""aisle""}, ""mode"": ""lifelong"", ""num_agents"": 50, ""num_humans"": 50, ""replan_every"": 20, ""safety_radius"": 1, ""seed"": 7, ""solver_timeout_s"": 10.0, ""steps"": 2000, ""task_allocator"": ""conflict_aware""}"
eded768764ced7c4bda2dda8e1d04ac2d342fa9d9b68e1a7cf7723c32ac8633e,aux_h_r_decoupling,8,"{""communication_mode"": ""priority"", ""fov_radius"": 4, ""global_solver"": ""lacam_official"", ""hard_safety"": true, ""horizon"": 80, ""human_model"": ""random_walk"", ""local_planner"": ""astar"", ""map_path"": ""data/maps/warehouse-10-20-10-2-2.map"", ""map_to_human_model"": {""warehouse-10-20-10-2-2"": ""aisle""}, ""mode"": ""lifelong"", ""num_agents"": 50, ""num_humans"": 50, ""replan_every"": 20, ""safety_radius"": 1, ""seed"": 8, ""solver_timeout_s"": 10.0, ""steps"": 2000, ""task_allocator"": ""conflict_aware""}"
62a0c979b76374740a312a1ecb0f901df0191f8155fe06d749c027269eb1655b,aux_h_r_decoupling,9,"{""communication_mode"": ""priority"", ""fov_radius"": 4, ""global_solver"": ""lacam_official"", ""hard_safety"": true, ""horizon"": 80, ""human_model"": ""random_walk"", ""local_planner"": ""astar"", ""map_path"": ""data/maps/warehouse-10-20-10-2-2.map"", ""map_to_human_model"": {""warehouse-10-20-10-2-2"": ""aisle""}, ""mode"": ""lifelong"", ""num_agents"": 50, ""num_humans"": 50, ""replan_every"": 20, ""safety_radius"": 1, ""seed"": 9, ""solver_timeout_s"": 10.0, ""steps"": 2000, ""task_allocator"": ""conflict_aware""}"
